name,L1_Board,L2_Board,L3_Board
,,,
Alice,ABC1,DEF1,GHI
,,,
Bob,ABC1,DEF1,GHI
,,,
Rishika,ABC1,DEF1,GHI
,,,
Hari,ABC1,DEF1,GHI
,,,
Apoorva,ABC1,DEF1,GHI
,,,
Apoorva,ABC2,DEF1,GHI
,,,
David,ABC2,DEF1,GHI
,,,
Pavithra,ABC2,DEF1,GHI
,,,
Alok,ABC2,DEF1,GHI
,,,
Peter,ABC2,DEF1,GHI
,,,
Sai,ABC5,DEF3,GHI
,,,
Krithika,ABC5,DEF3,GHI
,,,
David,ABC5,DEF3,GHI
,,,
Seetha,ABC6,DEF3,GHI
,,,
Rasheed,ABC6,DEF3,GHI
,,,
Rachin,ABC6,DEF3,GHI
,,,
Nitish,ABC3,DEF2,GHI
,,,
Noor,ABC3,DEF2,GHI
,,,
Khaleel,ABC3,DEF2,GHI
,,,
Vikram,ABC4,DEF2,GHI
,,,
Dube,ABC4,DEF2,GHI
,,,
Ashwin,ABC4,DEF2,GHI
